Métrica,Teste,OOT (2025)
AUC-ROC,0.8927442504922932,N/D
AUC-PR,0.7943649756879465,N/D
KS,0.6258503035474067,N/D
F1,0.714548748692719,N/D
Lift@10%,3.1949137037565616,N/D
Acurácia,0.8161919997976553,N/D
